{"cameraMode":{"drawMode":0,"name":"Shaded","section":"Shading Mode"},"sceneLighting":true,"audioPlay":false,"sceneViewState":{"showFog":true,"showMaterialUpdate":false,"showSkybox":true,"showFlares":true,"showImageEffects":true,"showParticleSystems":true},"in2DMode":false,"pivot":{"x":-3.226077079772949,"y":0.5416316986083984,"z":3.8553714752197267},"rotation":{"x":-0.10816451907157898,"y":0.8418897390365601,"z":-0.18367989361286164,"w":-0.4957676827907562},"size":10.0,"orthographic":false}