{"cameraMode":{"drawMode":0,"name":"Shaded","section":"Shading Mode"},"sceneLighting":true,"audioPlay":false,"sceneViewState":{"showFog":true,"showMaterialUpdate":true,"showSkybox":true,"showFlares":true,"showImageEffects":true,"showParticleSystems":true},"in2DMode":false,"pivot":{"x":45.195945739746097,"y":0.3688521385192871,"z":-0.6220295429229736},"rotation":{"x":-0.01968412660062313,"y":-0.6910205483436585,"z":0.018925325945019723,"w":-0.7223410606384277},"size":24.674497604370118,"orthographic":false}