{"cameraMode":{"drawMode":0,"name":"Shaded","section":"Shading Mode"},"sceneLighting":true,"audioPlay":false,"sceneViewState":{"showFog":true,"showMaterialUpdate":true,"showSkybox":true,"showFlares":true,"showImageEffects":true,"showParticleSystems":true},"in2DMode":false,"pivot":{"x":38.27739334106445,"y":-12.891803741455079,"z":-9.599624633789063},"rotation":{"x":-0.10092907398939133,"y":-0.7865940928459168,"z":0.13369986414909364,"w":-0.5943378806114197},"size":30.079483032226564,"orthographic":false}