{"cameraMode":{"drawMode":0,"name":"Shaded","section":"Shading Mode"},"sceneLighting":true,"audioPlay":false,"sceneViewState":{"showFog":true,"showMaterialUpdate":true,"showSkybox":true,"showFlares":true,"showImageEffects":true,"showParticleSystems":true},"in2DMode":false,"pivot":{"x":-1.2295658588409424,"y":1.3600478172302247,"z":0.3391866683959961},"rotation":{"x":0.013788987882435322,"y":-0.9829534292221069,"z":0.1639813333749771,"w":0.08220337331295014},"size":8.887330055236817,"orthographic":false}