{"cameraMode":{"drawMode":0,"name":"Shaded","section":"Shading Mode"},"sceneLighting":true,"audioPlay":false,"sceneViewState":{"showFog":true,"showMaterialUpdate":true,"showSkybox":true,"showFlares":true,"showImageEffects":true,"showParticleSystems":true},"in2DMode":false,"pivot":{"x":27.38195037841797,"y":-15.196819305419922,"z":18.92132568359375},"rotation":{"x":-0.052828386425971988,"y":-0.946342408657074,"z":0.2050008624792099,"w":-0.244232177734375},"size":60.678672790527347,"orthographic":false}