{"cameraMode":{"drawMode":0,"name":"Shaded","section":"Shading Mode"},"sceneLighting":false,"audioPlay":false,"sceneViewState":{"showFog":true,"showMaterialUpdate":false,"showSkybox":false,"showFlares":true,"showImageEffects":true,"showParticleSystems":true},"in2DMode":false,"pivot":{"x":-0.9688653945922852,"y":5.639143943786621,"z":-7.08588981628418},"rotation":{"x":0.058343593031167987,"y":-0.8995176553726196,"z":0.12655526399612428,"w":0.4141031503677368},"size":5.423049449920654,"orthographic":false}