{"cameraMode":{"drawMode":0,"name":"Shaded","section":"Shading Mode"},"sceneLighting":false,"audioPlay":false,"sceneViewState":{"showFog":true,"showMaterialUpdate":false,"showSkybox":false,"showFlares":true,"showImageEffects":true,"showParticleSystems":true},"in2DMode":false,"pivot":{"x":-1.0834002494812012,"y":2.3544063568115236,"z":0.013966083526611328},"rotation":{"x":-0.08988074213266373,"y":0.8961378335952759,"z":-0.2124849259853363,"w":-0.3790931701660156},"size":5.423049449920654,"orthographic":false}