{"cameraMode":{"drawMode":0,"name":"Shaded","section":"Shading Mode"},"sceneLighting":false,"audioPlay":false,"sceneViewState":{"showFog":true,"showMaterialUpdate":false,"showSkybox":false,"showFlares":true,"showImageEffects":true,"showParticleSystems":true},"in2DMode":false,"pivot":{"x":-5.025669097900391,"y":0.40826416015625,"z":0.6038126945495606},"rotation":{"x":-0.21102197468280793,"y":0.7163761854171753,"z":-0.2444288283586502,"w":-0.6184931397438049},"size":14.513890266418457,"orthographic":false}