{"cameraMode":{"drawMode":0,"name":"Shaded","section":"Shading Mode"},"sceneLighting":false,"audioPlay":false,"sceneViewState":{"showFog":true,"showMaterialUpdate":false,"showSkybox":false,"showFlares":true,"showImageEffects":true,"showParticleSystems":true},"in2DMode":false,"pivot":{"x":-2.1472272872924806,"y":5.1613593101501469,"z":-0.23100948333740235},"rotation":{"x":-0.03859928622841835,"y":0.9061718583106995,"z":-0.08480336517095566,"w":-0.4125222861766815},"size":10.0,"orthographic":false}