{"cameraMode":{"drawMode":0,"name":"Shaded","section":"Shading Mode"},"sceneLighting":true,"audioPlay":false,"sceneViewState":{"showFog":true,"showMaterialUpdate":true,"showSkybox":true,"showFlares":true,"showImageEffects":true,"showParticleSystems":true},"in2DMode":false,"pivot":{"x":12.408818244934082,"y":-8.03657341003418,"z":-11.583852767944336},"rotation":{"x":-0.09142889082431793,"y":-0.8855442404747009,"z":0.1974145919084549,"w":-0.41049906611442568},"size":13.736054420471192,"orthographic":false}